OBJECTID,Join_Count,TARGET_FID,site_id,site_desc,odotcity,ward,legacy,osu_city,loctype,mv_at,longitude,latitude,hours,moto,bus,workveh,car,truck,totMV,bike,ebike,totbike,ped,escoot,othermicro,tot_roll,totAT,tot_trips,moto_hr,bus_hr,workveh_hr,car_hr,truck_hr,totMV_hr,bike_hr,ebike_hr,totbike_hr,ped_hr,escoot_hr,othermicro_hr,tot_roll_hr,totAT_hr,tot_trips_hr,walkscore,bikescore,FULLNAME,FUNC_CLASS,BIKE_FAC,SHOULDER,MULTIUSE_PATH
1,3,1,101,SW Reservoir and NW 53rd and Campus Way MUP,city,1,legacy,city,intersection,MV_AT,-123.312054,44.565273,2,15,22,109,1966,391,2503,91,26,117,24,0,1,1,142,2645,8,11,54,983,196,1252,46,13,58,12,0,0,0,71,1322,29,81,53RD ST,ARTERIAL,Bike Lane,no,3
2,3,2,101,SW Reservoir and NW 53rd and Campus Way MUP,city,1,legacy,city,intersection,MV_AT,-123.312054,44.565273,2,15,22,109,1966,391,2503,91,26,117,24,0,1,1,142,2645,8,11,54,983,196,1252,46,13,58,12,0,0,0,71,1322,29,81,SW RESERVOIR AVE,ARTERIAL,Bike Lane,no,3
3,1,3,102,NW 53rd and SW Cherry,city,1,new,city,intersection,MV_AT,-123.311991,44.560712,2,4,12,42,1457,159,1674,35,3,38,11,0,0,0,49,1723,2,6,21,728,80,837,18,2,19,6,0,0,0,24,862,25,82,,,,,1
4,0,4,104,West Hills,city,1,new,city,street,MV_AT,-123.31362,44.556285,2,0,10,26,758,58,852,7,0,7,9,0,0,0,16,868,0,5,13,379,29,426,4,0,4,4,0,0,0,8,434,27,86,SW WEST HILLS RD,ARTERIAL,Bike Lane,no,
5,0,5,105,West Hills and SW Sylvia,city,1,new,city,intersection,MV_AT,-123.304203,44.556304,2,2,4,15,425,70,516,5,3,8,18,4,0,4,30,546,1,2,8,212,35,258,2,2,4,9,2,0,2,15,273,33,86,,,,,
6,0,6,106,SW Philomath and SW 53rd,odot,1,new,city,intersection,AT,-123.312003,44.550873,2,7,25,256,3778,96,4162,8,3,11,18,3,0,3,32,4194,4,12,128,1889,48,2081,4,2,6,9,2,0,2,16,2097,52,92,SW 53RD ST,ARTERIAL,Bike Lane,no,
7,1,7,109,SW Country Club and SW 49th,city,1,new,city,intersection,MV_AT,-123.306716,44.545743,2,1,8,17,452,71,549,42,12,54,49,2,1,3,106,655,0,4,8,226,36,274,21,6,27,24,1,0,2,53,328,21,86,SW 49TH ST,NEIGHBORCOLLECTOR,Bike Lane,no,1
8,1,8,109,SW Country Club and SW 49th,city,1,new,city,intersection,MV_AT,-123.306716,44.545743,2,1,8,17,452,71,549,42,12,54,49,2,1,3,106,655,0,4,8,226,36,274,21,6,27,24,1,0,2,53,328,21,86,SW COUNTRY CLUB DR,COLLECTOR,Bike Lane,no,1
9,1,9,109,SW Country Club and SW 49th,city,1,new,city,intersection,MV_AT,-123.306716,44.545743,2,1,8,17,452,71,549,42,12,54,49,2,1,3,106,655,0,4,8,226,36,274,21,6,27,24,1,0,2,53,328,21,86,SW COUNTRY CLUB DR,COLLECTOR,Bike Lane,no,1
10,1,10,109,SW Country Club and SW 49th,city,1,new,city,intersection,MV_AT,-123.306716,44.545743,2,1,8,17,452,71,549,42,12,54,49,2,1,3,106,655,0,4,8,226,36,274,21,6,27,24,1,0,2,53,328,21,86,SW 49TH ST,NEIGHBORCOLLECTOR,Bike Lane,no,1
11,0,11,110,SW Philomath and SW 35th,odot,1,new,city,intersection,AT,-123.289572,44.554552,2,0,0,0,0,0,3500,64,22,86,24,3,2,5,115,3615,0,0,0,0,0,1750,32,11,43,12,2,1,2,58,1808,16,84,SW 35TH ST,COLLECTOR,Bike Lane,no,
12,0,12,110,SW Philomath and SW 35th,odot,1,new,city,intersection,AT,-123.289572,44.554552,2,0,0,0,0,0,3500,64,22,86,24,3,2,5,115,3615,0,0,0,0,0,1750,32,11,43,12,2,1,2,58,1808,16,84,SW 35TH ST,ARTERIAL,Bike Lane,no,
13,0,13,111,SW Western and SW 35th,city,1,legacy,city,intersection,MV_AT,-123.289618,44.556911,2,7,44,150,1381,89,1671,23,12,35,58,8,1,9,102,1773,4,22,75,690,44,836,12,6,18,29,4,0,4,51,886,19,86,SW 35TH ST,ARTERIAL,Bike Lane,no,
14,0,14,111,SW Western and SW 35th,city,1,legacy,city,intersection,MV_AT,-123.289618,44.556911,2,7,44,150,1381,89,1671,23,12,35,58,8,1,9,102,1773,4,22,75,690,44,836,12,6,18,29,4,0,4,51,886,19,86,SW WESTERN BLVD,ARTERIAL,Bike Lane,no,
15,0,15,111,SW Western and SW 35th,city,1,legacy,city,intersection,MV_AT,-123.289618,44.556911,2,7,44,150,1381,89,1671,23,12,35,58,8,1,9,102,1773,4,22,75,690,44,836,12,6,18,29,4,0,4,51,886,19,86,SW WESTERN BLVD,ARTERIAL,Buffered Bike Lane,no,
16,0,16,111,SW Western and SW 35th,city,1,legacy,city,intersection,MV_AT,-123.289618,44.556911,2,7,44,150,1381,89,1671,23,12,35,58,8,1,9,102,1773,4,22,75,690,44,836,12,6,18,29,4,0,4,51,886,19,86,SW 35TH ST,ARTERIAL,Bike Lane,no,
17,0,17,112,SW 35th and Corv-Philo MUP,city,1,new,city,intersection,MV_AT,-123.289623,44.549547,2,1,10,22,659,76,768,16,4,20,27,0,0,0,47,815,0,5,11,330,38,384,8,2,10,14,0,0,0,24,408,13,81,SW 35TH ST,COLLECTOR,Bike Lane,no,
18,0,18,113,SW Technology and SW Research,city,1,new,city,intersection,MV_AT,-123.306261,44.551237,2,3,11,27,1295,180,1516,8,1,9,20,0,0,0,29,1545,2,6,14,648,90,758,4,0,4,10,0,0,0,14,772,54,90,SW RESEARCH WAY,COLLECTOR,Bike Lane,no,
19,0,19,113,SW Technology and SW Research,city,1,new,city,intersection,MV_AT,-123.306261,44.551237,2,3,11,27,1295,180,1516,8,1,9,20,0,0,0,29,1545,2,6,14,648,90,758,4,0,4,10,0,0,0,14,772,54,90,SW TECHNOLOGY LOOP,COLLECTOR,Buffered Bike Lane,no,
20,0,20,113,SW Technology and SW Research,city,1,new,city,intersection,MV_AT,-123.306261,44.551237,2,3,11,27,1295,180,1516,8,1,9,20,0,0,0,29,1545,2,6,14,648,90,758,4,0,4,10,0,0,0,14,772,54,90,SW TECHNOLOGY LOOP,COLLECTOR,Buffered Bike Lane,no,
21,0,21,114,SW Country Club and SW Research,city,1,new,city,intersection,MV_AT,-123.294722,44.548339,2,2,7,16,635,127,787,26,2,28,27,0,1,1,56,843,1,4,8,318,64,394,13,1,14,14,0,0,0,28,422,17,63,SW COUNTRY CLUB DR,COLLECTOR,Bike Lane,no,
22,0,22,114,SW Country Club and SW Research,city,1,new,city,intersection,MV_AT,-123.294722,44.548339,2,2,7,16,635,127,787,26,2,28,27,0,1,1,56,843,1,4,8,318,64,394,13,1,14,14,0,0,0,28,422,17,63,SW COUNTRY CLUB DR,COLLECTOR,Bike Lane,no,
23,0,23,114,SW Country Club and SW Research,city,1,new,city,intersection,MV_AT,-123.294722,44.548339,2,2,7,16,635,127,787,26,2,28,27,0,1,1,56,843,1,4,8,318,64,394,13,1,14,14,0,0,0,28,422,17,63,SW RESEARCH WAY,COLLECTOR,Bike Lane,no,
24,0,24,201,NW Kings and NW Jackson,city,2,new,osu,intersection,MV_AT,-123.275072,44.569084,2,5,11,24,193,24,257,97,8,105,187,10,3,13,305,562,2,6,12,96,12,128,48,4,52,94,5,2,6,152,281,85,100,NW KINGS BLVD,ARTERIAL,Bike Lane,no,
25,0,25,201,NW Kings and NW Jackson,city,2,new,osu,intersection,MV_AT,-123.275072,44.569084,2,5,11,24,193,24,257,97,8,105,187,10,3,13,305,562,2,6,12,96,12,128,48,4,52,94,5,2,6,152,281,85,100,NW KINGS BLVD,ARTERIAL,Bike Lane,no,
26,0,26,201,NW Kings and NW Jackson,city,2,new,osu,intersection,MV_AT,-123.275072,44.569084,2,5,11,24,193,24,257,97,8,105,187,10,3,13,305,562,2,6,12,96,12,128,48,4,52,94,5,2,6,152,281,85,100,NW KINGS BLVD,ARTERIAL,Bike Lane,no,
27,0,27,202,NW Harrison and NW Kings,city,2,legacy,city,intersection,MV_AT,-123.275127,44.57132,2,20,10,95,2710,301,3136,122,8,130,177,21,6,27,334,3470,10,5,48,1355,150,1568,61,4,65,88,10,3,14,167,1735,84,100,NW HARRISON BLVD,ARTERIAL,Bike Lane,no,
28,0,28,202,NW Harrison and NW Kings,city,2,legacy,city,intersection,MV_AT,-123.275127,44.57132,2,20,10,95,2710,301,3136,122,8,130,177,21,6,27,334,3470,10,5,48,1355,150,1568,61,4,65,88,10,3,14,167,1735,84,100,NW HARRISON BLVD,ARTERIAL,Bike Lane,no,
29,0,29,202,NW Harrison and NW Kings,city,2,legacy,city,intersection,MV_AT,-123.275127,44.57132,2,20,10,95,2710,301,3136,122,8,130,177,21,6,27,334,3470,10,5,48,1355,150,1568,61,4,65,88,10,3,14,167,1735,84,100,NW KINGS BLVD,ARTERIAL,Bike Lane,no,
30,0,30,202,NW Harrison and NW Kings,city,2,legacy,city,intersection,MV_AT,-123.275127,44.57132,2,20,10,95,2710,301,3136,122,8,130,177,21,6,27,334,3470,10,5,48,1355,150,1568,61,4,65,88,10,3,14,167,1735,84,100,NW KINGS BLVD,ARTERIAL,Bike Lane,no,
31,0,31,203,NW Van Buren and NW 13th,city,2,new,osu,intersection,MV_AT,-123.270267,44.568956,2,1,9,28,715,106,859,14,0,14,38,1,1,2,54,913,0,4,14,358,53,430,7,0,7,19,0,0,1,27,456,85,100,NW VAN BUREN AVE,ARTERIAL,Buffered Bike Lane,no,
32,0,32,203,NW Van Buren and NW 13th,city,2,new,osu,intersection,MV_AT,-123.270267,44.568956,2,1,9,28,715,106,859,14,0,14,38,1,1,2,54,913,0,4,14,358,53,430,7,0,7,19,0,0,1,27,456,85,100,NW VAN BUREN AVE,ARTERIAL,Buffered Bike Lane,no,
33,0,33,204,NW 11th and NW Jackson,city,2,new,osu,intersection,MV_AT,-123.268889,44.567478,2,1,0,5,199,15,220,78,3,81,73,6,5,11,165,385,0,0,2,100,8,110,39,2,40,36,3,2,6,82,192,86,100,NW 11TH ST,LOCAL,Neighborhood Bikeway,,
34,0,34,204,NW 11th and NW Jackson,city,2,new,osu,intersection,MV_AT,-123.268889,44.567478,2,1,0,5,199,15,220,78,3,81,73,6,5,11,165,385,0,0,2,100,8,110,39,2,40,36,3,2,6,82,192,86,100,NW 11TH ST,LOCAL,Neighborhood Bikeway,,
35,0,35,205,NW Monroe and NW 5th,city,2,legacy,city,intersection,MV_AT,-123.263006,44.564917,2,7,20,26,1210,153,1416,0,0,105,154,7,8,15,274,1690,4,10,13,605,76,708,0,0,52,77,4,4,8,137,845,92,100,SW 5TH ST,COLLECTOR,Bike Lane,no,
36,0,36,205,NW Monroe and NW 5th,city,2,legacy,city,intersection,MV_AT,-123.263006,44.564917,2,7,20,26,1210,153,1416,0,0,105,154,7,8,15,274,1690,4,10,13,605,76,708,0,0,52,77,4,4,8,137,845,92,100,NW 5TH ST,COLLECTOR,Bike Lane,no,
37,0,37,205,NW Monroe and NW 5th,city,2,legacy,city,intersection,MV_AT,-123.263006,44.564917,2,7,20,26,1210,153,1416,0,0,105,154,7,8,15,274,1690,4,10,13,605,76,708,0,0,52,77,4,4,8,137,845,92,100,NW MONROE AVE,COLLECTOR,Bike Lane,no,
38,0,38,205,NW Monroe and NW 5th,city,2,legacy,city,intersection,MV_AT,-123.263006,44.564917,2,7,20,26,1210,153,1416,0,0,105,154,7,8,15,274,1690,4,10,13,605,76,708,0,0,52,77,4,4,8,137,845,92,100,SW MONROE AVE,COLLECTOR,Bike Lane,no,
39,0,39,206,SW Jefferson and SW 6th,city,2,new,city,intersection,MV_AT,-123.265124,44.563181,2,2,26,21,625,62,736,57,3,60,121,3,2,5,186,922,1,13,10,312,31,368,28,2,30,60,2,1,2,93,461,91,100,SW JEFFERSON AVE,COLLECTOR,Bike Lane,no,
40,0,40,206,SW Jefferson and SW 6th,city,2,new,city,intersection,MV_AT,-123.265124,44.563181,2,2,26,21,625,62,736,57,3,60,121,3,2,5,186,922,1,13,10,312,31,368,28,2,30,60,2,1,2,93,461,91,100,SW JEFFERSON AVE,COLLECTOR,Bike Lane,no,
41,0,41,207,SW 11th and SW Washington,city,2,new,osu,intersection,MV_AT,-123.271303,44.562587,2,1,0,21,914,80,1016,56,8,64,426,30,4,34,524,1540,0,0,10,457,40,508,28,4,32,213,15,2,17,262,770,78,100,SW 11TH ST,NEIGHBORCOLLECTOR,Neighborhood Bikeway,,
42,0,42,207,SW 11th and SW Washington,city,2,new,osu,intersection,MV_AT,-123.271303,44.562587,2,1,0,21,914,80,1016,56,8,64,426,30,4,34,524,1540,0,0,10,457,40,508,28,4,32,213,15,2,17,262,770,78,100,SW 11TH ST,NEIGHBORCOLLECTOR,Neighborhood Bikeway,,
43,0,43,208,SW Adams and SW 8th,city,2,new,osu,intersection,MV_AT,-123.267734,44.562761,2,0,1,10,82,7,100,17,2,19,54,2,3,5,78,178,0,0,5,41,4,50,8,1,10,27,1,2,2,39,89,90,100,,,,,
44,0,44,209,NW Tyler and NW 9th,city,2,new,city,intersection,MV_AT,-123.26529,44.569889,2,22,20,56,2435,262,2795,24,4,28,38,2,1,3,69,2864,11,10,28,1218,131,1398,12,2,14,19,1,0,2,34,1432,85,100,NW TYLER AVE,LOCAL,Neighborhood Bikeway,,
45,0,45,209,NW Tyler and NW 9th,city,2,new,city,intersection,MV_AT,-123.26529,44.569889,2,22,20,56,2435,262,2795,24,4,28,38,2,1,3,69,2864,11,10,28,1218,131,1398,12,2,14,19,1,0,2,34,1432,85,100,NW TYLER AVE,LOCAL,Neighborhood Bikeway,,
46,0,46,212,NW 14th and NW Monroe,city,2,legacy,city,intersection,MV_AT,-123.272177,44.567191,2,7,50,69,860,104,1090,182,9,191,218,20,8,28,437,1527,4,25,34,430,52,545,91,4,96,109,10,4,14,218,764,87,100,SW 14TH ST,COLLECTOR,Bike Lane,no,
47,0,47,212,NW 14th and NW Monroe,city,2,legacy,city,intersection,MV_AT,-123.272177,44.567191,2,7,50,69,860,104,1090,182,9,191,218,20,8,28,437,1527,4,25,34,430,52,545,91,4,96,109,10,4,14,218,764,87,100,NW MONROE AVE,COLLECTOR,Bike Lane,no,
48,0,48,212,NW 14th and NW Monroe,city,2,legacy,city,intersection,MV_AT,-123.272177,44.567191,2,7,50,69,860,104,1090,182,9,191,218,20,8,28,437,1527,4,25,34,430,52,545,91,4,96,109,10,4,14,218,764,87,100,NW MONROE AVE,COLLECTOR,Bike Lane,no,
49,1,49,213,SW B and SW Western and Riverfront MUP,city,2,new,city,intersection,MV_AT,-123.261295,44.558893,1,0,0,0,3,0,3,0,0,14,13,0,2,2,29,32,0,0,0,3,0,3,0,0,14,13,0,2,2,29,32,81,85,,,,,1
50,0,50,301,SE Rivergreen and SE Summerfield,city,3,new,city,intersection,MV_AT,-123.260756,44.531082,2,2,9,11,475,44,541,13,5,18,30,2,1,3,51,592,1,4,6,238,22,270,6,2,9,15,1,0,2,26,296,3,80,SE RIVERGREEN AVE,NEIGHBORCOLLECTOR,Bike Lane,no,
51,0,51,301,SE Rivergreen and SE Summerfield,city,3,new,city,intersection,MV_AT,-123.260756,44.531082,2,2,9,11,475,44,541,13,5,18,30,2,1,3,51,592,1,4,6,238,22,270,6,2,9,15,1,0,2,26,296,3,80,SE RIVERGREEN AVE,NEIGHBORCOLLECTOR,Bike Lane,no,
52,0,52,302,SE Park Ave. and SE Thompson and SE Park Place,city,3,new,city,intersection,MV_AT,-123.260413,44.538698,2,0,6,7,114,15,142,9,4,13,19,1,0,1,33,175,0,3,4,57,8,71,4,2,6,10,0,0,0,16,88,27,83,,,,,
53,0,53,303,SW Wake Robin,city,3,new,city,street,MV_AT,-123.266917,44.538043,2,0,10,18,126,22,176,0,0,3,10,0,0,0,13,189,0,5,9,63,11,88,0,0,2,5,0,0,0,6,94,41,87,,,,,
54,0,54,304,SW Tunison,city,3,new,city,street,MV_AT,-123.266228,44.543443,2,2,7,9,176,27,221,5,3,8,23,0,1,1,32,253,1,4,4,88,14,110,2,2,4,12,0,0,0,16,126,64,93,,,,,
55,0,55,305,SE Viewmont and SE Thompson,city,3,new,city,intersection,MV_AT,-123.260444,44.543635,2,1,3,7,117,10,138,0,0,25,54,0,0,0,79,217,0,2,4,58,5,69,0,0,12,27,0,0,0,40,108,53,84,,,,,
56,0,56,306,SE Alexander and SE Stone,city,3,new,city,intersection,MV_AT,-123.260747,44.545236,2,0,8,3,212,24,247,0,0,14,40,0,0,0,54,301,0,4,2,106,12,124,0,0,7,20,0,0,0,27,150,57,86,,,,,
57,0,57,307,SE Bethel and SE Bridgeway,city,3,new,city,intersection,MV_AT,-123.258709,44.550264,2,0,4,4,86,14,108,32,7,39,26,0,0,0,65,173,0,2,2,43,7,54,16,4,20,13,0,0,0,32,86,35,86,,,,,
58,1,58,308,SE Crystal Lake and Eric Austin MUP and EA Path,city,3,new,city,intersection,MV_AT,-123.262017,44.552277,2,2,14,18,504,50,588,50,3,53,14,3,1,4,71,659,1,7,9,252,25,294,25,2,26,7,2,0,2,36,330,60,94,SE CRYSTAL LAKE DR,COLLECTOR,Bike Lane,no,1
59,0,59,309,SE Crystal Lake and SE Alexander,city,3,new,city,intersection,MV_AT,-123.255598,44.545261,2,0,0,13,150,23,186,0,0,43,28,2,0,2,73,259,0,0,6,75,12,93,0,0,22,14,1,0,1,36,130,31,73,SE CRYSTAL LAKE DR,COLLECTOR,Bike Lane,no,
60,0,60,310,OR99W near SE Goodnight,odot,3,new,city,street,AT,-123.266803,44.536387,2,0,0,0,0,0,4258,0,0,13,12,0,0,0,25,4283,0,0,0,0,0,2129,0,0,6,6,0,0,0,12,2142,34,87,SE 3RD ST/HWY 99W,ARTERIALHWY,Bike Lane,no,
61,0,61,310,OR99W near SE Goodnight,odot,3,new,city,street,AT,-123.266803,44.536387,2,0,0,0,0,0,4258,0,0,13,12,0,0,0,25,4283,0,0,0,0,0,2129,0,0,6,6,0,0,0,12,2142,34,87,SE 3RD ST/HWY 99W,ARTERIALHWY,Bike Lane,no,
62,0,62,310,OR99W near SE Goodnight,odot,3,new,city,street,AT,-123.266803,44.536387,2,0,0,0,0,0,4258,0,0,13,12,0,0,0,25,4283,0,0,0,0,0,2129,0,0,6,6,0,0,0,12,2142,34,87,SW 3RD ST/HWY 99W,ARTERIALHWY,Bike Lane,no,
63,0,63,310,OR99W near SE Goodnight,odot,3,new,city,street,AT,-123.266803,44.536387,2,0,0,0,0,0,4258,0,0,13,12,0,0,0,25,4283,0,0,0,0,0,2129,0,0,6,6,0,0,0,12,2142,34,87,SW 3RD ST/HWY 99W,ARTERIALHWY,Bike Lane,no,
64,0,64,311,OR99W and SE Alexander,odot,3,legacy,city,intersection,AT,-123.265852,44.545193,2,0,0,0,0,0,3184,24,9,33,20,2,0,2,55,3239,0,0,0,0,0,1592,12,4,16,10,1,0,1,28,1620,64,94,SE 3RD ST/HWY 99W,ARTERIALHWY,Bike Lane,no,
65,0,65,311,OR99W and SE Alexander,odot,3,legacy,city,intersection,AT,-123.265852,44.545193,2,0,0,0,0,0,3184,24,9,33,20,2,0,2,55,3239,0,0,0,0,0,1592,12,4,16,10,1,0,1,28,1620,64,94,SE 3RD ST/HWY 99W,ARTERIALHWY,Bike Lane,no,
66,0,66,311,OR99W and SE Alexander,odot,3,legacy,city,intersection,AT,-123.265852,44.545193,2,0,0,0,0,0,3184,24,9,33,20,2,0,2,55,3239,0,0,0,0,0,1592,12,4,16,10,1,0,1,28,1620,64,94,SW 3RD ST/HWY 99W,ARTERIALHWY,Bike Lane,no,
67,0,67,311,OR99W and SE Alexander,odot,3,legacy,city,intersection,AT,-123.265852,44.545193,2,0,0,0,0,0,3184,24,9,33,20,2,0,2,55,3239,0,0,0,0,0,1592,12,4,16,10,1,0,1,28,1620,64,94,SW 3RD ST/HWY 99W,ARTERIALHWY,Bike Lane,no,
68,0,68,312,OR99W and SE Crystal Lake,odot,3,legacy,city,intersection,AT,-123.265149,44.551939,4,0,0,0,0,0,7019,68,6,175,60,12,1,13,248,7267,0,0,0,0,0,1755,17,2,44,15,3,0,3,62,1817,66,95,SW AVERY AVE,COLLECTOR,Bike Lane,no,
69,0,69,312,OR99W and SE Crystal Lake,odot,3,legacy,city,intersection,AT,-123.265149,44.551939,4,0,0,0,0,0,7019,68,6,175,60,12,1,13,248,7267,0,0,0,0,0,1755,17,2,44,15,3,0,3,62,1817,66,95,SE CRYSTAL LAKE DR,COLLECTOR,Bike Lane,no,
70,0,70,312,OR99W and SE Crystal Lake,odot,3,legacy,city,intersection,AT,-123.265149,44.551939,4,0,0,0,0,0,7019,68,6,175,60,12,1,13,248,7267,0,0,0,0,0,1755,17,2,44,15,3,0,3,62,1817,66,95,SE 3RD ST/HWY 99W,ARTERIALHWY,Bike Lane,no,
71,0,71,312,OR99W and SE Crystal Lake,odot,3,legacy,city,intersection,AT,-123.265149,44.551939,4,0,0,0,0,0,7019,68,6,175,60,12,1,13,248,7267,0,0,0,0,0,1755,17,2,44,15,3,0,3,62,1817,66,95,SE 3RD ST/HWY 99W,ARTERIALHWY,Bike Lane,no,
72,0,72,312,OR99W and SE Crystal Lake,odot,3,legacy,city,intersection,AT,-123.265149,44.551939,4,0,0,0,0,0,7019,68,6,175,60,12,1,13,248,7267,0,0,0,0,0,1755,17,2,44,15,3,0,3,62,1817,66,95,SW 3RD ST/HWY 99W,ARTERIALHWY,Bike Lane,no,
73,0,73,312,OR99W and SE Crystal Lake,odot,3,legacy,city,intersection,AT,-123.265149,44.551939,4,0,0,0,0,0,7019,68,6,175,60,12,1,13,248,7267,0,0,0,0,0,1755,17,2,44,15,3,0,3,62,1817,66,95,SW 3RD ST/HWY 99W,ARTERIALHWY,Bike Lane,no,
74,0,74,313,SE Lilly,city,3,new,city,street,MV_AT,-123.265037,44.547964,2,0,0,14,126,9,149,5,2,7,10,0,0,0,17,166,0,0,7,63,4,74,2,1,4,5,0,0,0,8,83,64,95,,,,,
75,0,75,314,SE Bridgeway,city,3,new,city,street,MV_AT,-123.264871,44.54981,2,2,0,2,53,4,61,0,0,6,4,0,0,0,10,71,1,0,1,26,2,30,0,0,3,2,0,0,0,5,36,63,95,,,,,
76,0,76,315,SE Goodnight and SE River Park and  SE Deborah,city,3,new,city,intersection,MV_AT,-123.262264,44.536721,2,1,12,16,127,13,169,0,0,10,39,0,0,0,49,218,0,6,8,64,6,84,0,0,5,20,0,0,0,24,109,24,82,SE GOODNIGHT AVE,NEIGHBORCOLLECTOR,Bike Lane,no,
77,0,77,315,SE Goodnight and SE River Park and  SE Deborah,city,3,new,city,intersection,MV_AT,-123.262264,44.536721,2,1,12,16,127,13,169,0,0,10,39,0,0,0,49,218,0,6,8,64,6,84,0,0,5,20,0,0,0,24,109,24,82,SE GOODNIGHT AVE,NEIGHBORCOLLECTOR,Bike Lane,no,
78,0,78,401,SW Western and SW 15th,city,4,new,osu,intersection,MV_AT,-123.273983,44.559854,2,7,43,136,1587,139,1912,90,7,97,183,21,2,23,303,2215,4,22,68,794,70,956,45,4,48,92,10,1,12,152,1108,72,99,SW 15TH ST,COLLECTOR,Bike Lane,no,
79,0,79,401,SW Western and SW 15th,city,4,new,osu,intersection,MV_AT,-123.273983,44.559854,2,7,43,136,1587,139,1912,90,7,97,183,21,2,23,303,2215,4,22,68,794,70,956,45,4,48,92,10,1,12,152,1108,72,99,SW 15TH ST,COLLECTOR,Bike Lane,no,
80,0,80,401,SW Western and SW 15th,city,4,new,osu,intersection,MV_AT,-123.273983,44.559854,2,7,43,136,1587,139,1912,90,7,97,183,21,2,23,303,2215,4,22,68,794,70,956,45,4,48,92,10,1,12,152,1108,72,99,SW WESTERN BLVD,ARTERIAL,Bike Lane,no,
81,0,81,401,SW Western and SW 15th,city,4,new,osu,intersection,MV_AT,-123.273983,44.559854,2,7,43,136,1587,139,1912,90,7,97,183,21,2,23,303,2215,4,22,68,794,70,956,45,4,48,92,10,1,12,152,1108,72,99,SW WESTERN BLVD,ARTERIAL,Bike Lane,no,
82,0,82,402,SW 11th and SW C,city,4,new,city,intersection,MV_AT,-123.27086,44.559171,2,1,1,3,106,9,120,21,2,23,47,6,0,6,76,196,0,0,2,53,4,60,10,1,12,24,3,0,3,38,98,73,92,SW 11TH ST,LOCAL,Neighborhood Bikeway,,
83,0,83,402,SW 11th and SW C,city,4,new,city,intersection,MV_AT,-123.27086,44.559171,2,1,1,3,106,9,120,21,2,23,47,6,0,6,76,196,0,0,2,53,4,60,10,1,12,24,3,0,3,38,98,73,92,SW 11TH ST,LOCAL,Neighborhood Bikeway,,
84,0,84,404,NW 30th and SW Jackson,city,4,new,osu,intersection,MV_AT,-123.284631,44.569749,2,8,12,30,842,82,974,78,3,81,130,2,3,5,216,1190,4,6,15,421,41,487,39,2,40,65,1,2,2,108,595,63,100,NW 30TH ST,NEIGHBORCOLLECTOR,Bike Lane,no,
85,0,85,405,SW 35th and SW Campus,city,4,new,osu,intersection,MV_AT,-123.2897,44.566809,2,1,5,8,377,56,447,92,6,98,134,11,1,12,244,691,0,2,4,188,28,224,46,3,49,67,6,0,6,122,346,39,92,SW 35TH ST,ARTERIAL,Bike Lane,no,
86,0,86,405,SW 35th and SW Campus,city,4,new,osu,intersection,MV_AT,-123.2897,44.566809,2,1,5,8,377,56,447,92,6,98,134,11,1,12,244,691,0,2,4,188,28,224,46,3,49,67,6,0,6,122,346,39,92,SW 35TH ST,ARTERIAL,Bike Lane,no,
87,0,87,405,SW 35th and SW Campus,city,4,new,osu,intersection,MV_AT,-123.2897,44.566809,2,1,5,8,377,56,447,92,6,98,134,11,1,12,244,691,0,2,4,188,28,224,46,3,49,67,6,0,6,122,346,39,92,SW 35TH ST,ARTERIAL,Bike Lane,no,
88,0,88,406,SW 35th and SW Washington,city,4,new,osu,intersection,MV_AT,-123.289694,44.562051,2,0,0,13,3,0,16,0,0,75,124,3,16,19,218,234,0,0,6,2,0,8,0,0,38,62,2,8,10,109,117,25,87,SW 35TH ST,ARTERIAL,Bike Lane,no,
89,0,89,406,SW 35th and SW Washington,city,4,new,osu,intersection,MV_AT,-123.289694,44.562051,2,0,0,13,3,0,16,0,0,75,124,3,16,19,218,234,0,0,6,2,0,8,0,0,38,62,2,8,10,109,117,25,87,SW 35TH ST,ARTERIAL,Bike Lane,no,
90,0,90,407,SW 35th and NW Harrison,city,4,new,osu,intersection,MV_AT,-123.289714,44.571714,4,20,38,127,2781,337,3303,52,7,147,126,21,7,28,301,3604,5,10,32,695,84,826,13,2,37,32,5,2,7,75,901,41,94,NW 35TH ST,ARTERIAL,Bike Lane,no,
91,0,91,407,SW 35th and NW Harrison,city,4,new,osu,intersection,MV_AT,-123.289714,44.571714,4,20,38,127,2781,337,3303,52,7,147,126,21,7,28,301,3604,5,10,32,695,84,826,13,2,37,32,5,2,7,75,901,41,94,NW HARRISON BLVD,ARTERIAL,Bike Lane,no,
92,0,92,501,NW 26th and NW Van Buren,city,5,new,osu,intersection,MV_AT,-123.280089,44.570414,2,0,0,13,73,4,90,61,1,52,265,5,5,10,327,417,0,0,6,36,2,45,30,0,26,132,2,2,5,164,208,71,100,,,,,
93,0,93,502,NW Beca and NW 17th,city,5,new,city,intersection,MV_AT,-123.270795,44.578154,2,0,2,0,97,0,99,33,2,35,36,3,0,3,74,173,0,1,0,48,0,50,16,1,18,18,2,0,2,37,86,76,100,,,,,
94,0,94,503,NW 27th and NW Tyler,city,5,new,osu,intersection,MV_AT,-123.281163,44.572724,2,0,0,9,189,25,223,32,6,38,99,7,2,9,146,369,0,0,4,94,12,112,16,3,19,50,4,1,4,73,184,77,100,,,,,
95,0,95,504,NW Grant and NW 29th,city,5,legacy,city,intersection,MV_AT,-123.283083,44.578664,4,22,12,71,3669,410,4184,200,41,241,197,13,4,17,455,4639,6,3,18,917,102,1046,50,10,60,49,3,1,4,114,1160,71,100,NW 29TH ST,COLLECTOR,Bike Lane,no,
96,0,96,504,NW Grant and NW 29th,city,5,legacy,city,intersection,MV_AT,-123.283083,44.578664,4,22,12,71,3669,410,4184,200,41,241,197,13,4,17,455,4639,6,3,18,917,102,1046,50,10,60,49,3,1,4,114,1160,71,100,NW 29TH ST,COLLECTOR,Bike Lane,no,
97,0,97,504,NW Grant and NW 29th,city,5,legacy,city,intersection,MV_AT,-123.283083,44.578664,4,22,12,71,3669,410,4184,200,41,241,197,13,4,17,455,4639,6,3,18,917,102,1046,50,10,60,49,3,1,4,114,1160,71,100,NW GRANT AVE,COLLECTOR,Bike Lane,no,
98,0,98,504,NW Grant and NW 29th,city,5,legacy,city,intersection,MV_AT,-123.283083,44.578664,4,22,12,71,3669,410,4184,200,41,241,197,13,4,17,455,4639,6,3,18,917,102,1046,50,10,60,49,3,1,4,114,1160,71,100,NW GRANT AVE,COLLECTOR,Bike Lane,no,
99,0,99,506,NW 11th and NW Polk,city,5,new,city,intersection,MV_AT,-123.266976,44.571326,4,1,3,3,340,39,386,96,20,126,82,3,4,7,215,601,0,1,1,85,10,96,24,5,32,20,1,1,2,54,150,82,100,NW 11TH ST,LOCAL,Neighborhood Bikeway,,
100,0,100,506,NW 11th and NW Polk,city,5,new,city,intersection,MV_AT,-123.266976,44.571326,4,1,3,3,340,39,386,96,20,126,82,3,4,7,215,601,0,1,1,85,10,96,24,5,32,20,1,1,2,54,150,82,100,NW 11TH ST,LOCAL,Neighborhood Bikeway,,
101,0,101,507,NW 16th and NW Taylor,city,5,new,city,intersection,MV_AT,-123.271253,44.573373,2,0,2,4,233,33,272,38,2,40,37,1,2,3,80,352,0,1,2,116,16,136,19,1,20,18,0,1,2,40,176,78,100,,,,,
102,0,102,508,NW Buchanan and NW 10th,city,5,new,city,intersection,MV_AT,-123.263458,44.575801,2,1,12,27,743,69,852,54,6,60,48,5,1,6,114,966,0,6,14,372,34,426,27,3,30,24,2,0,3,57,483,75,100,NW 10TH ST,NEIGHBORCOLLECTOR,Bike Lane,no,
103,0,103,508,NW Buchanan and NW 10th,city,5,new,city,intersection,MV_AT,-123.263458,44.575801,2,1,12,27,743,69,852,54,6,60,48,5,1,6,114,966,0,6,14,372,34,426,27,3,30,24,2,0,3,57,483,75,100,NW 10TH ST,NEIGHBORCOLLECTOR,Bike Lane,no,
104,0,104,508,NW Buchanan and NW 10th,city,5,new,city,intersection,MV_AT,-123.263458,44.575801,2,1,12,27,743,69,852,54,6,60,48,5,1,6,114,966,0,6,14,372,34,426,27,3,30,24,2,0,3,57,483,75,100,NW BUCHANAN AVE,ARTERIAL,Bike Lane,no,
105,0,105,508,NW Buchanan and NW 10th,city,5,new,city,intersection,MV_AT,-123.263458,44.575801,2,1,12,27,743,69,852,54,6,60,48,5,1,6,114,966,0,6,14,372,34,426,27,3,30,24,2,0,3,57,483,75,100,NW BUCHANAN AVE,ARTERIAL,Bike Lane,no,
106,0,106,509,NW Buchanan and NW 19th,city,5,new,city,intersection,MV_AT,-123.273154,44.576068,2,0,8,20,582,53,663,66,10,76,80,9,0,9,165,828,0,4,10,291,26,332,33,5,38,40,4,0,4,82,414,83,100,NW BUCHANAN AVE,ARTERIAL,Bike Lane,no,
107,0,107,509,NW Buchanan and NW 19th,city,5,new,city,intersection,MV_AT,-123.273154,44.576068,2,0,8,20,582,53,663,66,10,76,80,9,0,9,165,828,0,4,10,291,26,332,33,5,38,40,4,0,4,82,414,83,100,NW BUCHANAN AVE,ARTERIAL,Bike Lane,no,
108,0,108,510,NW 11th and NW Grant,city,5,new,city,intersection,MV_AT,-123.263555,44.579622,2,4,4,22,436,57,523,34,8,42,37,0,1,1,80,603,2,2,11,218,28,262,17,4,21,18,0,0,0,40,302,74,100,NW 11TH ST,LOCAL,Neighborhood Bikeway,,
109,0,109,510,NW 11th and NW Grant,city,5,new,city,intersection,MV_AT,-123.263555,44.579622,2,4,4,22,436,57,523,34,8,42,37,0,1,1,80,603,2,2,11,218,28,262,17,4,21,18,0,0,0,40,302,74,100,NW 11TH ST,LOCAL,Neighborhood Bikeway,,
110,0,110,510,NW 11th and NW Grant,city,5,new,city,intersection,MV_AT,-123.263555,44.579622,2,4,4,22,436,57,523,34,8,42,37,0,1,1,80,603,2,2,11,218,28,262,17,4,21,18,0,0,0,40,302,74,100,NW GRANT AVE,COLLECTOR,Bike Lane,no,
111,0,111,510,NW 11th and NW Grant,city,5,new,city,intersection,MV_AT,-123.263555,44.579622,2,4,4,22,436,57,523,34,8,42,37,0,1,1,80,603,2,2,11,218,28,262,17,4,21,18,0,0,0,40,302,74,100,NW GRANT AVE,COLLECTOR,Bike Lane,no,
112,0,112,601,NW 5th and NW Polk,city,6,new,city,intersection,MV_AT,-123.260471,44.569807,2,2,10,32,435,62,541,0,0,38,40,0,2,2,80,621,1,5,16,218,31,270,0,0,19,20,0,1,1,40,310,88,100,NW 5TH ST,ARTERIAL,Bike Lane,no,
113,0,113,601,NW 5th and NW Polk,city,6,new,city,intersection,MV_AT,-123.260471,44.569807,2,2,10,32,435,62,541,0,0,38,40,0,2,2,80,621,1,5,16,218,31,270,0,0,19,20,0,1,1,40,310,88,100,NW 5TH ST,ARTERIAL,Bike Lane,no,
114,0,114,602,NE Circle,city,6,new,city,street,MV_AT,-123.247057,44.588923,2,2,11,38,1648,284,1983,24,1,25,12,0,0,0,37,2020,1,6,19,824,142,992,12,0,12,6,0,0,0,18,1010,61,87,NE CIRCLE BLVD,ARTERIAL,Buffered Bike Lane,no,
115,0,115,602,NE Circle,city,6,new,city,street,MV_AT,-123.247057,44.588923,2,2,11,38,1648,284,1983,24,1,25,12,0,0,0,37,2020,1,6,19,824,142,992,12,0,12,6,0,0,0,18,1010,61,87,NE CIRCLE BLVD,ARTERIAL,Buffered Bike Lane,no,
116,0,116,602,NE Circle,city,6,new,city,street,MV_AT,-123.247057,44.588923,2,2,11,38,1648,284,1983,24,1,25,12,0,0,0,37,2020,1,6,19,824,142,992,12,0,12,6,0,0,0,18,1010,61,87,NE JACK LONDON ST,LOCAL,Bike Lane,no,
117,0,117,602.1,Jack London,city,6,new,city,street,MV_AT,-123.247064,44.589177,2,0,0,0,78,15,93,7,0,7,3,0,0,0,10,103,0,0,0,39,8,46,4,0,4,2,0,0,0,5,52,61,87,NE JACK LONDON ST,LOCAL,Bike Lane,no,
118,0,118,603,"NE Walnut, east of OR99W",city,6,new,city,street,MV_AT,-123.250365,44.593342,2,1,5,28,941,193,1168,5,4,9,5,0,0,0,14,1182,0,2,14,470,96,584,2,2,4,2,0,0,0,7,591,74,96,NE WALNUT BLVD,ARTERIAL,Bike Lane,no,
119,0,119,604,"NW 9th, south of NW Spruce",city,6,new,city,intersection,AT,-123.256508,44.585863,2,0,0,0,0,0,3247,26,3,29,44,2,0,2,75,3322,0,0,0,0,0,1624,13,2,14,22,1,0,1,38,1661,80,99,NW 9TH ST,ARTERIAL,Bike Lane,no,
120,0,120,605,NW Circle and NW Highland,city,6,new,city,intersection,MV_AT,-123.262535,44.588727,2,6,28,55,2812,386,3287,60,21,81,49,3,0,3,133,3420,3,14,28,1406,193,1644,30,10,40,24,2,0,2,66,1710,79,100,NW HIGHLAND DR,COLLECTOR,Bike Lane,no,
121,0,121,605,NW Circle and NW Highland,city,6,new,city,intersection,MV_AT,-123.262535,44.588727,2,6,28,55,2812,386,3287,60,21,81,49,3,0,3,133,3420,3,14,28,1406,193,1644,30,10,40,24,2,0,2,66,1710,79,100,NW HIGHLAND DR,ARTERIAL,Bike Lane,no,
122,0,122,605,NW Circle and NW Highland,city,6,new,city,intersection,MV_AT,-123.262535,44.588727,2,6,28,55,2812,386,3287,60,21,81,49,3,0,3,133,3420,3,14,28,1406,193,1644,30,10,40,24,2,0,2,66,1710,79,100,NW CIRCLE BLVD,ARTERIAL,Bike Lane,no,
123,0,123,605,NW Circle and NW Highland,city,6,new,city,intersection,MV_AT,-123.262535,44.588727,2,6,28,55,2812,386,3287,60,21,81,49,3,0,3,133,3420,3,14,28,1406,193,1644,30,10,40,24,2,0,2,66,1710,79,100,NW CIRCLE BLVD,ARTERIAL,Bike Lane,no,
124,0,124,606,NW Garfield and NW 10th,city,6,new,city,intersection,MV_AT,-123.262538,44.583139,2,3,31,23,809,0,866,0,0,43,47,0,4,4,94,960,2,16,12,404,0,433,0,0,22,24,0,2,2,47,480,79,100,NW HIGHLAND DR,NEIGHBORCOLLECTOR,Bike Lane,no,
125,0,125,606,NW Garfield and NW 10th,city,6,new,city,intersection,MV_AT,-123.262538,44.583139,2,3,31,23,809,0,866,0,0,43,47,0,4,4,94,960,2,16,12,404,0,433,0,0,22,24,0,2,2,47,480,79,100,NW HIGHLAND DR,COLLECTOR,Bike Lane,no,
126,0,126,606,NW Garfield and NW 10th,city,6,new,city,intersection,MV_AT,-123.262538,44.583139,2,3,31,23,809,0,866,0,0,43,47,0,4,4,94,960,2,16,12,404,0,433,0,0,22,24,0,2,2,47,480,79,100,NW GARFIELD AVE,COLLECTOR,Bike Lane,,
127,0,127,606,NW Garfield and NW 10th,city,6,new,city,intersection,MV_AT,-123.262538,44.583139,2,3,31,23,809,0,866,0,0,43,47,0,4,4,94,960,2,16,12,404,0,433,0,0,22,24,0,2,2,47,480,79,100,NW GARFIELD AVE,NEIGHBORCOLLECTOR,Bike Lane,no,
128,0,128,607,NW Garfield and NW Kings,city,6,new,city,intersection,MV_AT,-123.276019,44.582978,2,1,16,40,987,162,1206,42,8,50,32,3,1,4,86,1292,0,8,20,494,81,603,21,4,25,16,2,0,2,43,646,69,99,NW GARFIELD AVE,NEIGHBORCOLLECTOR,Bike Lane,no,
129,0,129,607,NW Garfield and NW Kings,city,6,new,city,intersection,MV_AT,-123.276019,44.582978,2,1,16,40,987,162,1206,42,8,50,32,3,1,4,86,1292,0,8,20,494,81,603,21,4,25,16,2,0,2,43,646,69,99,NW GARFIELD AVE,NEIGHBORCOLLECTOR,Bike Lane,no,
130,0,130,607,NW Garfield and NW Kings,city,6,new,city,intersection,MV_AT,-123.276019,44.582978,2,1,16,40,987,162,1206,42,8,50,32,3,1,4,86,1292,0,8,20,494,81,603,21,4,25,16,2,0,2,43,646,69,99,NW KINGS BLVD,ARTERIAL,Bike Lane,no,
131,0,131,607,NW Garfield and NW Kings,city,6,new,city,intersection,MV_AT,-123.276019,44.582978,2,1,16,40,987,162,1206,42,8,50,32,3,1,4,86,1292,0,8,20,494,81,603,21,4,25,16,2,0,2,43,646,69,99,NW KINGS BLVD,ARTERIAL,Bike Lane,no,
132,0,132,608,NW 17th and NW Cleveland,city,6,new,city,intersection,MV_AT,-123.271405,44.586285,2,0,0,4,75,13,92,16,1,17,22,2,2,4,43,135,0,0,2,38,6,46,8,0,8,11,1,1,2,22,68,70,97,,,,,
133,0,133,609,NW Elmwood and NW 27th,city,6,new,city,intersection,MV_AT,-123.281208,44.587749,2,0,8,1,89,6,104,0,0,33,41,0,0,0,74,178,0,4,0,44,3,52,0,0,16,20,0,0,0,37,89,61,96,,,,,
134,0,134,610,NW Walnut and NW Highland,city,6,legacy,city,intersection,MV_AT,-123.262574,44.593782,2,14,20,95,3153,493,3775,0,0,57,30,3,0,3,80,3865,7,10,48,1576,246,1888,0,0,28,15,2,0,2,40,1932,56,97,NW HIGHLAND DR,ARTERIAL,Bike Lane,no,
135,0,135,610,NW Walnut and NW Highland,city,6,legacy,city,intersection,MV_AT,-123.262574,44.593782,2,14,20,95,3153,493,3775,0,0,57,30,3,0,3,80,3865,7,10,48,1576,246,1888,0,0,28,15,2,0,2,40,1932,56,97,NW HIGHLAND DR,ARTERIAL,Bike Lane,no,
136,0,136,610,NW Walnut and NW Highland,city,6,legacy,city,intersection,MV_AT,-123.262574,44.593782,2,14,20,95,3153,493,3775,0,0,57,30,3,0,3,80,3865,7,10,48,1576,246,1888,0,0,28,15,2,0,2,40,1932,56,97,NW WALNUT BLVD,ARTERIAL,Bike Lane,no,
137,0,137,610,NW Walnut and NW Highland,city,6,legacy,city,intersection,MV_AT,-123.262574,44.593782,2,14,20,95,3153,493,3775,0,0,57,30,3,0,3,80,3865,7,10,48,1576,246,1888,0,0,28,15,2,0,2,40,1932,56,97,NW WALNUT BLVD,ARTERIAL,Bike Lane,no,
138,0,138,611,NW Garryanna and NW Forestgreen,city,6,new,city,intersection,MV_AT,-123.269368,44.590024,2,1,3,4,139,8,155,10,1,11,30,0,0,0,41,196,0,2,2,70,4,78,5,0,6,15,0,0,0,20,98,68,98,,,,,
139,0,139,612,NW Circle and NW Kings,city,6,new,city,intersection,MV_AT,-123.276012,44.586353,2,15,19,42,3099,373,3548,40,9,49,29,3,0,3,81,3629,8,10,21,1550,186,1774,20,4,24,14,2,0,2,40,1814,71,96,NW CIRCLE BLVD,COLLECTOR,Buffered Bike Lane,no,
140,0,140,612,NW Circle and NW Kings,city,6,new,city,intersection,MV_AT,-123.276012,44.586353,2,15,19,42,3099,373,3548,40,9,49,29,3,0,3,81,3629,8,10,21,1550,186,1774,20,4,24,14,2,0,2,40,1814,71,96,NW CIRCLE BLVD,ARTERIAL,Buffered Bike Lane,no,
141,0,141,612,NW Circle and NW Kings,city,6,new,city,intersection,MV_AT,-123.276012,44.586353,2,15,19,42,3099,373,3548,40,9,49,29,3,0,3,81,3629,8,10,21,1550,186,1774,20,4,24,14,2,0,2,40,1814,71,96,NW KINGS BLVD,ARTERIAL,Bike Lane,no,
142,0,142,612,NW Circle and NW Kings,city,6,new,city,intersection,MV_AT,-123.276012,44.586353,2,15,19,42,3099,373,3548,40,9,49,29,3,0,3,81,3629,8,10,21,1550,186,1774,20,4,24,14,2,0,2,40,1814,71,96,NW KINGS BLVD,ARTERIAL,Bike Lane,no,
143,0,143,613,NW 13th and NW Oak,city,6,new,city,intersection,MV_AT,-123.267136,44.592909,2,0,2,3,34,6,45,6,0,6,8,0,0,0,14,59,0,1,2,17,3,22,3,0,3,4,0,0,0,7,30,54,91,,,,,
144,0,144,614,SE Circle and OR99 MUP,odot,6,legacy,city,intersection,AT,-123.253197,44.588822,2,0,0,0,0,0,2898,43,10,53,29,0,0,0,29,2980,0,0,0,0,0,1449,22,5,26,14,0,0,0,14,1490,80,99,STATE HWY 99W,ARTERIALHWY,Bike Lane,no,
145,0,145,614,SE Circle and OR99 MUP,odot,6,legacy,city,intersection,AT,-123.253197,44.588822,2,0,0,0,0,0,2898,43,10,53,29,0,0,0,29,2980,0,0,0,0,0,1449,22,5,26,14,0,0,0,14,1490,80,99,STATE HWY 99W,ARTERIALHWY,Bike Lane,no,
146,0,146,614,SE Circle and OR99 MUP,odot,6,legacy,city,intersection,AT,-123.253197,44.588822,2,0,0,0,0,0,2898,43,10,53,29,0,0,0,29,2980,0,0,0,0,0,1449,22,5,26,14,0,0,0,14,1490,80,99,NW CIRCLE BLVD,ARTERIAL,Bike Lane,no,
147,0,147,614,SE Circle and OR99 MUP,odot,6,legacy,city,intersection,AT,-123.253197,44.588822,2,0,0,0,0,0,2898,43,10,53,29,0,0,0,29,2980,0,0,0,0,0,1449,22,5,26,14,0,0,0,14,1490,80,99,NE CIRCLE BLVD,ARTERIAL,Buffered Bike Lane,no,
148,0,148,615,SW 10th and SW Cleveland,city,6,new,city,intersection,MV_AT,-123.262458,44.585886,2,2,30,29,509,55,625,38,14,52,66,0,1,1,119,744,1,15,14,254,28,312,19,7,26,33,0,0,0,60,372,78,100,NW HIGHLAND DR,COLLECTOR,Bike Lane,no,
149,0,149,615,SW 10th and SW Cleveland,city,6,new,city,intersection,MV_AT,-123.262458,44.585886,2,2,30,29,509,55,625,38,14,52,66,0,1,1,119,744,1,15,14,254,28,312,19,7,26,33,0,0,0,60,372,78,100,NW HIGHLAND DR,COLLECTOR,Bike Lane,no,
150,0,150,701,NW 36th and NW Polk,city,7,new,city,intersection,MV_AT,-123.290868,44.573662,2,8,2,19,598,65,692,0,0,26,27,1,1,2,55,747,4,1,10,299,32,346,0,0,13,14,0,0,1,28,374,37,91,NW 36TH ST,COLLECTOR,Bike Lane,no,
151,0,151,701,NW 36th and NW Polk,city,7,new,city,intersection,MV_AT,-123.290868,44.573662,2,8,2,19,598,65,692,0,0,26,27,1,1,2,55,747,4,1,10,299,32,346,0,0,13,14,0,0,1,28,374,37,91,NW 36TH ST,COLLECTOR,Bike Lane,no,
152,0,152,702,NW Harrison and NW Walnut,city,NA,new,city,intersection,MV_AT,-123.312114,44.571067,4,28,49,259,5153,820,6309,0,0,75,32,1,0,1,108,6417,7,12,65,1288,205,1577,0,0,19,8,0,0,0,27,1604,29,81,NW OAK CREEK DR,COLLECTOR,Bike Lane,no,
153,0,153,702,NW Harrison and NW Walnut,city,NA,new,city,intersection,MV_AT,-123.312114,44.571067,4,28,49,259,5153,820,6309,0,0,75,32,1,0,1,108,6417,7,12,65,1288,205,1577,0,0,19,8,0,0,0,27,1604,29,81,53RD ST,ARTERIAL,Bike Lane,no,
154,0,154,702,NW Harrison and NW Walnut,city,NA,new,city,intersection,MV_AT,-123.312114,44.571067,4,28,49,259,5153,820,6309,0,0,75,32,1,0,1,108,6417,7,12,65,1288,205,1577,0,0,19,8,0,0,0,27,1604,29,81,NW HARRISON BLVD,ARTERIAL,Bike Lane,no,
155,0,155,703,NW Circle and NW Witham Hill,city,7,legacy,city,intersection,MV_AT,-123.295219,44.581392,4,7,34,60,2714,296,3111,0,0,40,111,6,0,6,157,3268,2,8,15,678,74,778,0,0,10,28,2,0,2,39,817,26,71,NW CIRCLE BLVD,NEIGHBORCOLLECTOR,Bike Lane,no,
156,0,156,703,NW Circle and NW Witham Hill,city,7,legacy,city,intersection,MV_AT,-123.295219,44.581392,4,7,34,60,2714,296,3111,0,0,40,111,6,0,6,157,3268,2,8,15,678,74,778,0,0,10,28,2,0,2,39,817,26,71,NW WITHAM HILL DR,COLLECTOR,Bike Lane,no,
157,0,157,703,NW Circle and NW Witham Hill,city,7,legacy,city,intersection,MV_AT,-123.295219,44.581392,4,7,34,60,2714,296,3111,0,0,40,111,6,0,6,157,3268,2,8,15,678,74,778,0,0,10,28,2,0,2,39,817,26,71,NW WITHAM HILL DR,COLLECTOR,Bike Lane,no,
158,0,158,703,NW Circle and NW Witham Hill,city,7,legacy,city,intersection,MV_AT,-123.295219,44.581392,4,7,34,60,2714,296,3111,0,0,40,111,6,0,6,157,3268,2,8,15,678,74,778,0,0,10,28,2,0,2,39,817,26,71,NW CIRCLE BLVD,NEIGHBORCOLLECTOR,Bike Lane,,
159,0,159,704,NW Fillmore and NW 34th,city,7,new,city,intersection,MV_AT,-123.288895,44.575549,6,0,4,6,124,11,146,12,2,29,70,0,0,2,101,247,0,1,1,21,2,24,2,0,5,12,0,0,0,17,41,49,92,,,,,
160,0,160,705,NW Lincoln and NW 31st,city,7,new,city,intersection,MV_AT,-123.285857,44.577112,2,0,0,1,76,10,87,0,0,28,23,0,0,0,51,138,0,0,0,38,5,44,0,0,14,12,0,0,0,26,69,63,97,,,,,
161,0,161,706,NW 27th and NW Hayes,city,7,new,city,intersection,MV_AT,-123.281099,44.58162,4,1,2,4,136,10,153,43,9,109,105,2,0,2,216,369,0,0,1,34,2,38,11,2,27,26,0,0,0,54,92,65,99,,,,,
162,0,162,707,NW Circle and NW 29th,city,7,new,city,intersection,MV_AT,-123.283106,44.586396,4,10,18,141,1897,357,2423,50,17,133,76,6,0,6,215,2638,2,4,35,474,89,606,12,4,33,19,2,0,2,54,660,52,90,NW 29TH ST,COLLECTOR,Bike Lane,no,
163,0,163,707,NW Circle and NW 29th,city,7,new,city,intersection,MV_AT,-123.283106,44.586396,4,10,18,141,1897,357,2423,50,17,133,76,6,0,6,215,2638,2,4,35,474,89,606,12,4,33,19,2,0,2,54,660,52,90,NW 29TH ST,COLLECTOR,Bike Lane,no,
164,0,164,707,NW Circle and NW 29th,city,7,new,city,intersection,MV_AT,-123.283106,44.586396,4,10,18,141,1897,357,2423,50,17,133,76,6,0,6,215,2638,2,4,35,474,89,606,12,4,33,19,2,0,2,54,660,52,90,NW CIRCLE BLVD,COLLECTOR,Buffered Bike Lane,no,
165,0,165,707,NW Circle and NW 29th,city,7,new,city,intersection,MV_AT,-123.283106,44.586396,4,10,18,141,1897,357,2423,50,17,133,76,6,0,6,215,2638,2,4,35,474,89,606,12,4,33,19,2,0,2,54,660,52,90,NW CIRCLE BLVD,NEIGHBORCOLLECTOR,Buffered Bike Lane,no,
166,0,166,801,NW Walnut and NW Glenridge,city,8,new,city,intersection,MV_AT,-123.302258,44.593906,2,10,20,106,1898,296,2330,21,7,28,22,1,0,1,51,2381,5,10,53,949,148,1165,10,4,14,11,0,0,0,26,1190,12,53,NW WALNUT BLVD,ARTERIAL,Bike Lane,no,
167,0,167,801,NW Walnut and NW Glenridge,city,8,new,city,intersection,MV_AT,-123.302258,44.593906,2,10,20,106,1898,296,2330,21,7,28,22,1,0,1,51,2381,5,10,53,949,148,1165,10,4,14,11,0,0,0,26,1190,12,53,NW WALNUT BLVD,ARTERIAL,Bike Lane,no,
168,0,168,801,NW Walnut and NW Glenridge,city,8,new,city,intersection,MV_AT,-123.302258,44.593906,2,10,20,106,1898,296,2330,21,7,28,22,1,0,1,51,2381,5,10,53,949,148,1165,10,4,14,11,0,0,0,26,1190,12,53,NW WITHAM HILL DR,COLLECTOR,Bike Lane,no,
169,0,169,801,NW Walnut and NW Glenridge,city,8,new,city,intersection,MV_AT,-123.302258,44.593906,2,10,20,106,1898,296,2330,21,7,28,22,1,0,1,51,2381,5,10,53,949,148,1165,10,4,14,11,0,0,0,26,1190,12,53,NW GLENRIDGE DR,COLLECTOR,Bike Lane,no,
170,0,170,802,NW Aspen and NW Tamarack,city,8,new,city,intersection,MV_AT,-123.293969,44.594026,2,1,2,4,216,13,236,7,3,10,29,0,0,0,39,275,0,1,2,108,6,118,4,2,5,14,0,0,0,20,138,22,49,,,,,
171,0,171,803,NW 29th and NW Arrowood,city,8,new,city,intersection,MV_AT,-123.287831,44.596609,2,0,5,30,518,51,604,14,1,15,40,1,0,1,56,660,0,2,15,259,26,302,7,0,8,20,0,0,0,28,330,26,84,NW 29TH ST,COLLECTOR,Bike Lane,no,
172,0,172,803,NW 29th and NW Arrowood,city,8,new,city,intersection,MV_AT,-123.287831,44.596609,2,0,5,30,518,51,604,14,1,15,40,1,0,1,56,660,0,2,15,259,26,302,7,0,8,20,0,0,0,28,330,26,84,NW 29TH ST,COLLECTOR,Bike Lane,no,
173,0,173,804,"NW Walnut, west of NW 29th",city,8,new,city,street,AT,-123.288348,44.593306,2,0,0,0,0,0,1671,0,0,25,11,1,0,1,37,1708,0,0,0,0,0,836,0,0,12,6,0,0,0,18,854,33,57,NW WALNUT BLVD,ARTERIAL,Bike Lane,no,
174,1,174,805,NW Walnut and NW Fair Oaks,city,8,new,city,intersection,MV_AT,-123.30764,44.587289,2,10,8,26,1278,187,1509,20,3,23,19,0,0,0,42,1551,5,4,13,639,94,754,10,2,12,10,0,0,0,21,776,7,52,,,,,1
175,0,175,806,NW Walnut and NW Kings,city,8,new,city,intersection,MV_AT,-123.276281,44.592297,2,4,26,64,3223,458,3775,0,0,11,26,2,0,2,39,3814,2,13,32,1612,229,1888,0,0,6,13,1,0,1,20,1907,61,94,NW KINGS BLVD,ARTERIAL,Bike Lane,no,
176,0,176,806,NW Walnut and NW Kings,city,8,new,city,intersection,MV_AT,-123.276281,44.592297,2,4,26,64,3223,458,3775,0,0,11,26,2,0,2,39,3814,2,13,32,1612,229,1888,0,0,6,13,1,0,1,20,1907,61,94,NW WALNUT BLVD,ARTERIAL,Bike Lane,no,
177,0,177,806,NW Walnut and NW Kings,city,8,new,city,intersection,MV_AT,-123.276281,44.592297,2,4,26,64,3223,458,3775,0,0,11,26,2,0,2,39,3814,2,13,32,1612,229,1888,0,0,6,13,1,0,1,20,1907,61,94,NW WALNUT BLVD,ARTERIAL,Bike Lane,no,
178,0,178,806,NW Walnut and NW Kings,city,8,new,city,intersection,MV_AT,-123.276281,44.592297,2,4,26,64,3223,458,3775,0,0,11,26,2,0,2,39,3814,2,13,32,1612,229,1888,0,0,6,13,1,0,1,20,1907,61,94,NW KINGS BLVD,ARTERIAL,Bike Lane,,
179,0,179,807,NW Princess and NW Queens,city,8,new,city,intersection,MV_AT,-123.298839,44.595047,2,0,0,5,44,5,54,0,2,2,7,0,0,0,9,63,0,0,2,22,2,27,0,1,1,4,0,0,0,4,32,18,70,,,,,
180,0,180,901,NW Sequoia and NW Fairlawn,city,9,new,city,intersection,MV_AT,-123.257907,44.591054,2,1,3,1,114,14,133,0,0,8,28,0,0,0,36,169,0,2,0,57,7,66,0,0,4,14,0,0,0,18,84,77,99,,,,,
181,0,181,902,NW Sycamore and NW Janssen,city,9,new,city,intersection,MV_AT,-123.260377,44.589965,2,0,1,0,113,0,114,12,2,14,34,2,0,2,50,164,0,0,0,56,0,57,6,1,7,17,1,0,1,25,82,75,100,,,,,
182,0,182,903,"NW Walnut, w. of Satinwood",city,9,new,city,street,MV_AT,-123.25978,44.593596,2,0,32,67,1754,269,2122,23,5,28,16,1,0,1,45,2167,0,16,34,877,134,1061,12,2,14,8,0,0,0,22,1084,58,95,NW WALNUT BLVD,ARTERIAL,Bike Lane,no,
183,0,183,904,NW Satinwood and NW Maxine,city,9,new,city,intersection,MV_AT,-123.257401,44.597815,2,0,6,27,566,79,678,11,4,15,49,0,0,0,64,742,0,3,14,283,40,339,6,2,8,24,0,0,0,32,371,48,79,NW SATINWOOD ST,COLLECTOR,Bike Lane,no,
184,0,184,904,NW Satinwood and NW Maxine,city,9,new,city,intersection,MV_AT,-123.257401,44.597815,2,0,6,27,566,79,678,11,4,15,49,0,0,0,64,742,0,3,14,283,40,339,6,2,8,24,0,0,0,32,371,48,79,NW SATINWOOD ST,COLLECTOR,Bike Lane,no,
185,0,185,906,NE Plymouth and NE Lancaster,city,9,new,city,intersection,MV_AT,-123.242135,44.596106,2,0,0,1,32,3,36,6,2,8,18,0,0,0,26,62,0,0,0,16,2,18,3,1,4,9,0,0,0,13,31,33,77,,,,,
186,0,186,907,NE Conifer and NE Lancaster,city,9,new,city,intersection,MV_AT,-123.242705,44.599891,2,1,25,51,781,97,955,3,4,7,47,1,0,1,55,1010,0,12,26,390,48,478,2,2,4,24,0,0,0,28,505,30,83,NE CONIFER BLVD,ARTERIAL,Bike Lane,no,
187,0,187,907,NE Conifer and NE Lancaster,city,9,new,city,intersection,MV_AT,-123.242705,44.599891,2,1,25,51,781,97,955,3,4,7,47,1,0,1,55,1010,0,12,26,390,48,478,2,2,4,24,0,0,0,28,505,30,83,NE CONIFER BLVD,ARTERIAL,Bike Lane,no,
188,0,188,908,NE Conifer and NE Conser,city,9,new,city,intersection,MV_AT,-123.233651,44.597824,2,1,14,15,508,84,622,3,0,3,12,1,1,2,17,639,0,7,8,254,42,311,2,0,2,6,0,0,1,8,320,14,71,NE CONSER ST,COLLECTOR,Bike Lane,no,
189,0,189,908,NE Conifer and NE Conser,city,9,new,city,intersection,MV_AT,-123.233651,44.597824,2,1,14,15,508,84,622,3,0,3,12,1,1,2,17,639,0,7,8,254,42,311,2,0,2,6,0,0,1,8,320,14,71,NE CONIFER BLVD,ARTERIAL,Bike Lane,no,
190,0,190,908,NE Conifer and NE Conser,city,9,new,city,intersection,MV_AT,-123.233651,44.597824,2,1,14,15,508,84,622,3,0,3,12,1,1,2,17,639,0,7,8,254,42,311,2,0,2,6,0,0,1,8,320,14,71,NE CONIFER BLVD,ARTERIAL,Bike Lane,no,
191,0,191,909,"NE Conifer, near OR99W",city,9,new,city,street,MV_AT,-123.249251,44.59683,2,16,28,132,3758,285,4219,0,0,20,22,2,0,2,44,4263,8,14,66,1879,142,2110,0,0,10,11,1,0,1,22,2132,63,93,NE CONIFER BLVD,ARTERIAL,Bike Lane,no,
192,0,192,910,"NW Fairlawn, next to Walnut",city,9,new,city,street,MV_AT,-123.25978,44.593596,2,0,0,1,58,3,62,6,1,7,35,0,0,0,42,104,0,0,0,29,2,31,3,0,4,18,0,0,0,21,52,58,95,NW WALNUT BLVD,ARTERIAL,Bike Lane,no,
